{
  "accuracy": 0.9994439965527786,
  "precision": 0.0,
  "recall": 0.0,
  "f1": 0.0,
  "false_positive_rate": 0.0005560034472213574,
  "tn": 35951,
  "fp": 20,
  "fn": 0,
  "tp": 0
}